{
  "and": {
    "shape": [
      4,
      6,
      2
    ],
    "weights": {
      "1": [
        [
          -4.027270822840162,
          9.078854934376682,
          -3.729991793998919,
          8.51686008371922,
          0.4315867966355248
        ],
        [
          2.0399345464977783,
          -3.6994667579611957,
          2.952994074086984,
          -2.3735473096676447,
          -0.66838702661508
        ],
        [
          -3.0591195216540754,
          8.80756491542369,
          -4.000763036687692,
          8.47340626850449,
          0.15112335225451032
        ],
        [
          -1.8748077021363663,
          3.593999843813271,
          -3.3093409968753047,
          2.8371762941244505,
          0.7549788821410374
        ],
        [
          1.9116137812099545,
          -1.1174756250204605,
          0.5267177544812119,
          -1.9702593660654242,
          1.6290944196870794
        ],
        [
          2.9840120756284256,
          -9.307919633810046,
          4.42288255781367,
          -8.127776808904716,
          -0.18254903159739472
        ]
      ],
      "2": [
        [
          -4.536040029842511,
          1.4087860234716734,
          -4.531287861841699,
          -1.7721207867547248,
          1.631803929042193,
          4.953897489758219,
          0.28509487039979475
        ],
        [
          8.015157812469223,
          -3.363198954134936,
          3.8952623874329353,
          -0.2912046156594785,
          -1.0398839795947974,
          -3.0024335229236936,
          -0.927113990020034
        ]
      ]
    }
  },
  "or": {
    "shape": [
      4,
      6,
      2
    ],
    "weights": {
      "1": [
        [
          6.54135079563363,
          -4.6425560073035985,
          7.59267687188762,
          -3.2833087661549065,
          0.777230151020652
        ],
        [
          2.923674917913417,
          -3.32273209282773,
          3.92864244463058,
          -2.5974770496360957,
          0.8295140727637906
        ],
        [
          0.011483577513472287,
          0.2552394822334588,
          -0.44494242317063526,
          0.7385511709367777,
          1.5961306300504918
        ],
        [
          6.8357814031685855,
          -2.8663709680904716,
          7.552523183637176,
          -1.626118049884027,
          -1.9824886303107712
        ],
        [
          1.8413513434335986,
          -4.721037029551266,
          1.7792729420896123,
          -1.9361840209007046,
          0.9073292812122583
        ],
        [
          -2.913436061908283,
          2.364724962722389,
          -3.57063862954548,
          2.018321225435965,
          0.6764588696574282
        ]
      ],
      "2": [
        [
          8.909901831419537,
          4.899223937914864,
          -2.5459963297636694,
          3.386628151975523,
          0.12444406892844244,
          -3.2995401552264507,
          -2.9143586501241474
        ],
        [
          -7.427379580616416,
          -5.910755829624953,
          1.1921452305039395,
          -2.2102609653302965,
          -1.1596500520262207,
          3.5024159562368937,
          3.5502923628466228
        ]
      ]
    }
  },
  "xor": {
    "shape": [
      4,
      6,
      2
    ],
    "weights": {
      "1": [
        [
          3.6644967488817066,
          -22.241440452317544,
          -14.346416683067808,
          3.822563587047711,
          2.862587965450403
        ],
        [
          2.30267462962631,
          -15.927342988653145,
          1.0503960170276903,
          -11.921637650396196,
          -0.08109967740663328
        ],
        [
          0.3179901611660806,
          -0.0014610488882307732,
          7.394062931621445,
          -10.941570751587802,
          0.8171243491301767
        ],
        [
          2.9522816025777594,
          -13.137249528843473,
          0.6500589300626375,
          -9.59887341510642,
          -1.4558669205994115
        ],
        [
          -7.761807931236253,
          -0.18115316606384382,
          -5.9844752028851484,
          13.080878100568656,
          -4.634572940390631
        ],
        [
          4.023876003292895,
          -14.480703239211914,
          0.5227194183545913,
          -11.368498865461959,
          -1.5904950710898063
        ]
      ],
      "2": [
        [
          14.651826341903849,
          -7.664137744358017,
          4.526709483976962,
          -2.666057688360722,
          -11.468056583446337,
          -6.745176339274506,
          3.3533875749122206
        ],
        [
          -15.565400145874854,
          6.772973218091126,
          -7.928977024831857,
          5.031349412711566,
          8.45571709488223,
          6.411273137684188,
          -0.08142762768926112
        ]
      ]
    }
  },
  "not": {
    "shape": [
      2,
      4,
      2
    ],
    "weights": {
      "1": [
        [
          6.899363226370552,
          -6.702610898918504,
          -1.8598741211199836
        ],
        [
          -5.479553767307345,
          6.31965982329516,
          1.1127321213351464
        ],
        [
          5.525852659888473,
          -6.995641995059788,
          -0.7546343761071495
        ],
        [
          -0.10281654480384977,
          0.4164813470621248,
          1.923324646613093
        ]
      ],
      "2": [
        [
          -5.392629998282908,
          6.540164024522529,
          -5.031301041879962,
          -0.7198360060450026,
          2.5336923722103664
        ],
        [
          8.428767324608751,
          -3.65531184853006,
          4.511289828923307,
          -1.0132573449031836,
          -3.472921643344769
        ]
      ]
    }
  },
  "nand": {
    "shape": [
      4,
      6,
      2
    ],
    "weights": {
      "1": [
        [
          -2.4995820644975786,
          7.554001211825821,
          -2.075872223304153,
          7.962020061216526,
          -0.17391227415927696
        ],
        [
          -1.4430569447611399,
          4.209711279640656,
          -2.3948379656717234,
          3.1072173056056887,
          -0.11141626815409081
        ],
        [
          1.0467446336384598,
          -1.827310523719834,
          0.9394137629404684,
          -2.068390978930905,
          -0.1445098708187995
        ],
        [
          3.220818836110941,
          -3.600723857011432,
          1.0005873549499864,
          -7.707998027491216,
          0.6660353302769831
        ],
        [
          -1.8282980515865874,
          3.631965103874567,
          -2.1182658731918234,
          4.264111198419783,
          -0.12470129434475369
        ],
        [
          0.8309360903680479,
          -3.25085185348122,
          -0.18165100474615353,
          -1.102227527549275,
          2.4688243466044177
        ]
      ],
      "2": [
        [
          8.27228798100369,
          2.1999047447535234,
          -1.2681021206072387,
          -4.223814310895625,
          2.60117966734914,
          -1.7898945767010979,
          -1.2161696689035353
        ],
        [
          -4.634824947456746,
          -4.461290274301905,
          1.9101964876336563,
          3.5318700229902293,
          -4.106578845754374,
          1.6394034461914122,
          1.5462900171697518
        ]
      ]
    }
  },
  "nor": {
    "shape": [
      4,
      6,
      2
    ],