{
  "function": "max",
  "shape": [
    2,
    10,
    1
  ],
  "weights": {
    "1": [
      [
        -2.796090351975559,
        -3.9365696500862697,
        -0.13662355857662445
      ],
      [
        2.1055449280441842,
        3.2616015549301345,
        -1.2355217554070126
      ],
      [
        -1.5149472775058879,
        -2.6073969657705947,
        0.960884954190852
      ],
      [
        -0.6363922168826008,
        3.108170500984128,
        -1.7302083758800921
      ],
      [
        2.3841691172055133,
        3.3204743069658225,
        0.8761208728963604
      ],
      [
        5.925286226911407,
        8.814116733657269,
        -0.6225049948574967
      ],
      [
        -9.036453590099782,
        10.408601958408422,
        2.8764559251732433
      ],
      [
        -2.168966591681196,
        -3.656884776677075,
        -0.5516907949106368
      ],
      [
        1.6672206201761366,
        2.628662036927047,
        -0.6439054167995005
      ],
      [
        -1.3893889407004327,
        -2.20134495376715,
        0.36113101756812754
      ]
    ],
    "2": [
      [
        -0.4278824238430696,
        1.4894992444925603,
        -0.6186777013884963,
        2.154901338456046,
        0.3943674202600649,
        0.5886028610014978,
        -1.9539091076178994,
        -3.033885842653411,
        0.5616276947380736,
        -1.0436462131677282,
        -0.3947736304459182
      ]
    ]
  }
}