{
  "function": "min",
  "shape": [
    2,
    10,
    1
  ],
  "weights": {
    "1": [
      [
        0.1433100460868987,
        -1.9944091655331213,
        -0.4324977039701152
      ],
      [
        -3.423976929414024,
        3.260134832981177,
        1.5829680592110906
      ],
      [
        14.310167521952422,
        -7.853117182154557,
        0.5813480653310834
      ],
      [
        -3.00501108830681,
        -1.5679276181422066,
        1.6855711829763709
      ],
      [
        1.381944651360775,
        1.2574261880051185,
        -0.6173131588439684
      ],
      [
        0.7576298344645858,
        0.8141344447426396,
        6.36260799383095
      ],
      [
        -1.2227122905833627,
        -1.3341965730892933,
        -0.24054611202733614
      ],
      [
        1.436553794651682,
        2.016662718999831,
        10.840773895351312
      ],
      [
        0.11047790904665042,
        -2.4199760256274465,
        -0.9102745389754665
      ],
      [
        -4.628327831998836,
        7.6453695822561265,
        0.02444736426436346
      ]
    ],
    "2": [
      [
        -4.480884067378287,
        0.09373782687981862,
        1.6364738971162807,
        -3.1414904791796516,
        0.8532584450229974,
        0.04108537003857152,
        -4.28251221542688,
        -0.22846164397752378,
        -3.9358849718542417,
        0.5043749484034178,
        0.3570131923536987
      ]
    ]
  }
}