{
  "function": "multiply",
  "shape": [
    2,
    100,
    1
  ],
  "weights": {
    "1": [
      [
        4.923345316884817,
        -4.667506084539072,
        1.9958424339477383
      ],
      [
        -4.680642177942811,
        -4.813382302907532,
        -2.0463650716560498
      ],
      [
        3.5618455509972065,
        8.668374467516244,
        7.694111517832392
      ],
      [
        2.962436084848524,
        -5.611301913495163,
        -2.6262266870251554
      ],
      [
        4.377052444267749,
        -5.435107773787744,
        0.7125627216382353
      ],
      [
        -6.508513377460648,
        1.1878288176794953,
        2.5090822523302525
      ],
      [
        3.3326869973046005,
        5.256342412174411,
        -3.3425128536859914
      ],
      [
        4.165384170662973,
        2.2458971085641033,
        -5.232773501254358
      ],
      [
        -3.7911382312687665,
        2.033450583096914,
        -5.388243080247154
      ],
      [
        3.4478191921557517,
        -6.4283194469808125,
        -0.5651022186488275
      ],
      [
        -3.4207989202431466,
        -2.0407112644001306,
        -6.280822780225774
      ],
      [
        -3.054321991182077,
        -3.0487200950439597,
        -4.175795408959514
      ],
      [
        -5.222558638286211,
        4.0175322667215925,
        -2.568867347753598
      ],
      [
        -5.275334563992502,
        -4.077412819586971,
        1.3602509325132577
      ],
      [
        5.946276003797781,
        0.43054451127056814,
        -3.7415593977514816
      ],
      [
        -5.314066607485439,
        -5.302908374682712,
        -0.12546501345332223
      ],
      [
        -2.705547239265256,
        -3.875239566732186,
        -3.7251266231080975
      ],
      [
        5.659371283384805,
        -2.526463098149363,
        3.365905337503742
      ],
      [
        -0.3023450274618923,
        3.6984391083409704,
        -5.957525313690701
      ],
      [
        -4.892579384692294,
        -2.913388769496197,
        -5.043375102773149
      ],
      [
        3.270222813978586,
        -2.5623412678663318,
        -5.546748653911489
      ],
      [
        3.1120553654160363,
        -3.2776696656624,
        5.234056180860092
      ],
      [
        5.570661086761035,
        0.9670298521940524,
        -4.176568826467736
      ],
      [
        4.448383580513122,
        -4.575643680965097,
        -2.8221467747760793
      ],
      [
        -9.45243405477253,
        -2.4340288562083288,
        -3.2000035578498256
      ],
      [
        -0.6974418934985219,
        2.4694734472354245,
        6.362344205506668
      ],
      [
        -4.3154358935920625,
        -4.102818167434168,
        0.8369276626223607
      ],
      [
        4.623515403243757,
        -4.442739093970666,
        -2.8872937246066157
      ],
      [
        -7.175314412113691,
        -0.32449119156342343,
        -1.615086277062294
      ],
      [
        -1.8861903779673264,
        -6.540893309789439,
        2.4895170201478427
      ],
      [
        3.9756316895430213,
        -5.38351457613547,
        -3.347316064422887
      ],
      [
        4.495316815470141,
        -5.238154583508501,
        -1.2776259994217152
      ],
      [
        -5.976848247848593,
        1.9892934377883504,
        3.1117058406142046
      ],
      [
        -4.669682106727284,
        -0.336764279813607,
        5.158709551003719
      ],
      [
        1.5303130488334888,
        -5.00325155451334,
        4.638323082205568
      ],
      [
        6.436362413280793,
        -2.74725457391195,
        0.43544615126496433
      ],
      [
        1.5167551592809814,
        -2.898017334710044,
        6.120348072799615
      ],
      [
        -4.389702008381283,
        3.3086149974446264,
        -4.165029906425835
      ],
      [
        2.913314229618388,
        3.99437901292479,
        3.2431338564087824
      ],
      [
        -0.9080801937092033,
        -6.854931462229619,
        2.0325292912408868
      ],
      [
        -4.440524991435816,
        5.086219819383826,
        1.9671857850081105
      ],
      [
        6.382085596626458,
        0.720486347361904,
        -2.752211555286064
      ],
      [
        -1.30721847967825,
        -2.992913965205099,
        -5.619936221423498
      ],
      [
        4.249274781932523,
        1.622126342647613,
        6.130002749181325
      ],
      [
        1.565444801025217,
        5.331718696901666,
        1.7160792048028717
      ],
      [
        5.205085880506942,
        2.887144954272554,
        0.2982381367985561
      ],
      [
        0.7875604068113462,
        -3.264551777834631,
        -5.973880790609139
      ],
      [
        -6.882884382683851,
        0.2521543538615292,
        -1.8641358741236267
      ],
      [
        -2.341303657389391,
        3.418806269224301,
        -5.753338609532232
      ],
      [
        -1.5374089864981055,
        6.803528904479626,
        -0.5982322253520785
      ],
      [
        -2.680527097180005,
        0.13532432016316823,
        -6.323972388970297
      ],
      [
        -5.460367942000985,
        -3.911090958042413,
        2.6502729775533638
      ],
      [
        2.403970732633902,
        3.2119432923182742,
        -5.5357280886254685
      ],
      [
        -0.546646103098402,
        -2.7616061838072032,
        -7.270576691901701
      ],
      [
        -6.113378976740703,
        -2.7788680539703763,
        -7.881916563122111
      ],
      [
        -2.0924861617326918,
        -3.6282533443826077,
        -4.3235982946308855
      ],
      [
        2.6224988999282557,
        3.397829881741293,
        4.204785707138643
      ],
      [
        1.3812900371137649,
        -5.0117337838750995,
        4.686320815632453
      ],
      [
        -4.03205103970129,
        5.649845262868205,
        0.730920872955337
      ],
      [
        -2.3418656892597967,
        4.6781689366546955,
        -4.678129040597926
      ],
      [
        -2.9308377845596914,
        -5.364133480384919,
        -0.3301380484966153
      ],
      [
        -3.6980743587316036,
        -4.965817194542941,
        3.3396490785030815
      ],
      [
        4.790018361735714,
        -2.642836999659239,
        4.433680205891921
      ],
      [
        -4.744752182959007,
        1.9087762439972056,
        4.748878858638791
      ],
      [
        5.990460067781126,
        0.7257909019432971,
        -3.6240857547452197
      ],
      [
        -6.784680470418574,
        2.1259125776824632,
        -1.1422543100266425
      ],
      [
        -0.6910764526110689,
        -3.8073148229556177,
        5.858963877062283
      ],
      [
        -4.8681993961379035,
        -0.8369797213157555,
        -5.059848746237001
      ],
      [
        -4.28324833284531,
        3.359791030348806,
        4.337418449099249
      ],
      [
        -5.766867995727562,
        -0.6397938397411247,
        -2.433743947099392
      ],
      [
        -3.267050287715061,
        -5.45697132979167,
        3.8678652645676754
      ],
      [
        -8.692319560047817,
        0.06928009779924266,
        -4.799674805752733
      ],
      [
        6.476940446957005,
        0.11050368891814258,
        -2.6224476201977422
      ],
      [
        -5.762854835729914,
        3.990627963658477,
        -0.3984997841153063
      ],
      [
        5.568945534522572,
        7.084203412047087,
        7.676165021394485
      ],
      [
        -3.8246318170613267,
        2.7152102664177438,
        -5.2686269929144
      ],
      [
        -5.703360339051248,
        -1.839763024392815,
        -7.773293207261217
      ],
      [
        1.9975690772890828,
        -5.609683838353317,
        3.656760770932669
      ],
      [
        2.3026960197696957,
        2.5995369949078766,
        5.315381212253897
      ],
      [
