{
  "shape": [
    2,
    6,
    1
  ],
  "weights": {
    "1": [
      [
        -1.1015984471958047,
        -4.22187872785954,
        2.4607204862518812
      ],
      [
        -0.8491073292254371,
        3.902195491682579,
        0.7628947517734364
      ],
      [
        -0.8158850332089058,
        11.493291336310076,
        -2.8389459842277853
      ],
      [
        -0.5352937052021397,
        -6.725704302106258,
        2.27091655175639
      ],
      [
        -0.5116409734116194,
        6.901458078616594,
        -0.9884459662612128
      ],
      [
        -12.357164974204192,
        1.0912877857193128,
        3.4338988498766425
      ]
    ],
    "2": [
      [
        -11.558428607906004,
        1.2921826679365662,
        5.436682140286754,
        -0.8032177582208064,
        1.710878544841216,
        -15.239505244463805,
        0.14475801412313877
      ]
    ]
  }
}