{
  "shape": [
    2,
    6,
    1
  ],
  "weights": {
    "1": [
      [
        9.846098712274635,
        5.556734641860448,
        -0.7359754323728135
      ],
      [
        -10.720055840591899,
        -8.675488508309007,
        2.8924039504396157
      ],
      [
        -6.361724787213865,
        24.735327073001418,
        -2.950368251421013
      ],
      [
        -16.1767976491463,
        5.863867957429692,
        -1.1747469799643846
      ],
      [
        8.43102790093607,
        -18.480418763264748,
        -1.4935693525576823
      ],
      [
        -14.583633012701158,
        3.1283823983524024,
        -0.0416489563279088
      ]
    ],
    "2": [
      [
        2.42087077427299,
        -22.304803399756263,
        -10.592181075401964,
        13.47717374414237,
        5.94288314958966,
        4.970397227732384,
        0.20581400882291315
      ]
    ]
  }
}