{
  "shape": [
    2,
    6,
    1
  ],
  "weights": {
    "1": [
      [
        1.5459164627997186,
        -5.620297251292077,
        1.8525169451290082
      ],
      [
        2.6071712071980166,
        3.122763031942717,
        -3.826685130670106
      ],
      [
        -1.5677301785371687,
        -1.7340590724111034,
        1.637211772748366
      ],
      [
        -0.2926312261213663,
        11.17225593096014,
        -5.741301425508401
      ],
      [
        -16.240808787271515,
        4.273401143768842,
        0.644878860577166
      ],
      [
        -0.969405260720064,
        3.9640960282272104,
        -0.881439275672552
      ]
    ],
    "2": [
      [
        1.5561574397410993,
        -4.320225884797018,
        14.73354294956816,
        -7.708345517489568,
        10.498978130046956,
        -0.45587182255039815,
        0.9786187626621179
      ]
    ]
  }
}