{
  "shape": [
    2,
    6,
    1
  ],
  "weights": {
    "1": [
      [
        -4.309049895592909,
        -4.239252986344428,
        1.0421660170470939
      ],
      [
        8.948941553044515,
        9.102031349696833,
        -3.7291664249481915
      ],
      [
        -8.9845361291891,
        -9.474849935278389,
        3.430772910648428
      ],
      [
        -1.682798918609074,
        -2.1712531885501956,
        1.4508276177172619
      ],
      [
        2.619537377306137,
        2.668879150512395,
        -1.1542084536446084
      ],
      [
        9.27267370025702,
        9.8515107998589,
        -3.8261086232678387
      ]
    ],
    "2": [
      [
        4.395544864624425,
        -2.2037066486931973,
        5.430231360375256,
        0.4751054050469522,
        -1.729618272237221,
        -5.429671236131164,
        -0.0785098695791302
      ]
    ]
  }
}