{
  "shape": [
    2,
    6,
    1
  ],
  "weights": {
    "1": [
      [
        5.426156489670276,
        5.657488806667184,
        -2.707523432375977
      ],
      [
        3.769103050081837,
        2.777271558084837,
        -1.888233691612879
      ],
      [
        3.2476470578310206,
        4.044155267420009,
        -2.479691270316591
      ],
      [
        -1.9447365945851203,
        -1.2036637777038435,
        1.8560973697134346
      ],
      [
        8.727687298071647,
        8.057116407539255,
        -3.708830660789489
      ],
      [
        -6.411924974960403,
        -7.549413650739094,
        2.9261206147189274
      ]
    ],
    "2": [
      [
        0.5587000424176187,
        0.9537716236848062,
        2.905618698260799,
        -2.9909168241289406,
        10.596913790668273,
        -3.218638418856691,
        -3.0009146235900577
      ]
    ]
  }
}