{
  "shape": [
    2,
    6,
    1
  ],
  "weights": {
    "1": [
      [
        22.653856605598268,
        -16.493574885383474,
        5.510611634804744
      ],
      [
        -4.918056360926218,
        0.9108952550062668,
        3.594158914608116
      ],
      [
        -3.914119342361378,
        0.1622407922029756,
        3.554454144592965
      ],
      [
        15.363991683725697,
        -23.59249086307457,
        -6.116490778180301
      ],
      [
        16.910195967956863,
        20.2454912887459,
        -6.9318627257928
      ],
      [
        10.148168534091491,
        -4.689370042903137,
        -1.5561099741616469
      ]
    ],
    "2": [
      [
        14.709530284532542,
        -0.9705941772869389,
        -0.23243851455927245,
        -17.03183702646689,
        -6.495015764190727,
        0.6636989551373665,
        -0.365087064409048
      ]
    ]
  }
}